{"cameraMode":{"drawMode":0,"name":"Shaded","section":"Shading Mode"},"sceneLighting":false,"audioPlay":false,"sceneViewState":{"showFog":true,"showMaterialUpdate":false,"showSkybox":false,"showFlares":true,"showImageEffects":true,"showParticleSystems":true},"in2DMode":false,"pivot":{"x":0.5123317837715149,"y":0.9692814350128174,"z":0.38041943311691286},"rotation":{"x":-0.04396351799368858,"y":-0.7553557753562927,"z":0.050912078469991687,"w":-0.6520183086395264},"size":1.6271896362304688,"orthographic":false}