{"cameraMode":{"drawMode":0,"name":"Shaded","section":"Shading Mode"},"sceneLighting":false,"audioPlay":false,"sceneViewState":{"showFog":true,"showMaterialUpdate":false,"showSkybox":false,"showFlares":true,"showImageEffects":true,"showParticleSystems":true},"in2DMode":false,"pivot":{"x":0.0,"y":3.4697015285491945,"z":0.1058768630027771},"rotation":{"x":-0.2136508822441101,"y":-0.009993604384362698,"z":0.0021221800707280637,"w":-0.9769096970558167},"size":4.00743293762207,"orthographic":false}