{"cameraMode":{"drawMode":0,"name":"Shaded","section":"Shading Mode"},"sceneLighting":false,"audioPlay":false,"sceneViewState":{"showFog":true,"showMaterialUpdate":false,"showSkybox":false,"showFlares":true,"showImageEffects":true,"showParticleSystems":true},"in2DMode":false,"pivot":{"x":0.0005815029144287109,"y":0.0005187690258026123,"z":0.0008434951305389404},"rotation":{"x":0.10055878013372421,"y":-0.5138933658599854,"z":0.06086477264761925,"w":0.8498253226280212},"size":0.599418580532074,"orthographic":false}