{"cameraMode":{"drawMode":0,"name":"Shaded","section":"Shading Mode"},"sceneLighting":false,"audioPlay":false,"sceneViewState":{"showFog":true,"showMaterialUpdate":false,"showSkybox":false,"showFlares":true,"showImageEffects":true,"showParticleSystems":true},"in2DMode":false,"pivot":{"x":-12.197465896606446,"y":0.9380084872245789,"z":1.117368221282959},"rotation":{"x":0.10055878013372421,"y":-0.5138933658599854,"z":0.06086477264761925,"w":0.8498253226280212},"size":2.456751585006714,"orthographic":false}